--
-- PostgreSQL database dump
--

\restrict XpGvFtyVkjbeFLOw6JHx6l5EyXALvIdjaaLah4bUy176AMen6jhzeklNB2ihSpG

-- Dumped from database version 15.15 (Debian 15.15-1.pgdg13+1)
-- Dumped by pg_dump version 15.15 (Debian 15.15-1.pgdg13+1)

SET statement_timeout = 0;
SET lock_timeout = 0;
SET idle_in_transaction_session_timeout = 0;
SET client_encoding = 'UTF8';
SET standard_conforming_strings = on;
SELECT pg_catalog.set_config('search_path', '', false);
SET check_function_bodies = false;
SET xmloption = content;
SET client_min_messages = warning;
SET row_security = off;

SET default_tablespace = '';

SET default_table_access_method = heap;

--
-- Name: accommodation; Type: TABLE; Schema: public; Owner: user
--

CREATE TABLE public.accommodation (
    check_in_time time(0) without time zone NOT NULL,
    check_out_time time(0) without time zone NOT NULL,
    latitude double precision NOT NULL,
    longitude double precision NOT NULL,
    accommodation_id bigint NOT NULL,
    category_id bigint NOT NULL,
    created_at timestamp(6) without time zone,
    member_id bigint NOT NULL,
    price bigint NOT NULL,
    region_id bigint NOT NULL,
    address character varying(255) NOT NULL,
    name character varying(255) NOT NULL,
    status character varying(255),
    description oid NOT NULL,
    CONSTRAINT accommodation_status_check CHECK (((status)::text = ANY ((ARRAY['OPEN'::character varying, 'RESERVED'::character varying, 'CLOSE'::character varying])::text[])))
);


ALTER TABLE public.accommodation OWNER TO "user";

--
-- Name: accommodation_accommodation_id_seq; Type: SEQUENCE; Schema: public; Owner: user
--

ALTER TABLE public.accommodation ALTER COLUMN accommodation_id ADD GENERATED BY DEFAULT AS IDENTITY (
    SEQUENCE NAME public.accommodation_accommodation_id_seq
    START WITH 1
    INCREMENT BY 1
    NO MINVALUE
    NO MAXVALUE
    CACHE 1
);


--
-- Name: accommodation_facility; Type: TABLE; Schema: public; Owner: user
--

CREATE TABLE public.accommodation_facility (
    bathrooms integer,
    bedrooms integer,
    beds integer,
    has_bbq boolean,
    has_wifi boolean,
    parking_available boolean,
    pet_allowed boolean,
    accommodation_id bigint NOT NULL
);


ALTER TABLE public.accommodation_facility OWNER TO "user";

--
-- Name: accommodation_image; Type: TABLE; Schema: public; Owner: user
--

CREATE TABLE public.accommodation_image (
    sort_order integer NOT NULL,
    accommodation_id bigint NOT NULL,
    image_id bigint NOT NULL,
    image_url character varying(255) NOT NULL
);


ALTER TABLE public.accommodation_image OWNER TO "user";

--
-- Name: accommodation_image_image_id_seq; Type: SEQUENCE; Schema: public; Owner: user
--

ALTER TABLE public.accommodation_image ALTER COLUMN image_id ADD GENERATED BY DEFAULT AS IDENTITY (
    SEQUENCE NAME public.accommodation_image_image_id_seq
    START WITH 1
    INCREMENT BY 1
    NO MINVALUE
    NO MAXVALUE
    CACHE 1
);


--
-- Name: accommodation_policy; Type: TABLE; Schema: public; Owner: user
--

CREATE TABLE public.accommodation_policy (
    accommodation_id bigint NOT NULL,
    policy_id bigint NOT NULL,
    policies text
);


ALTER TABLE public.accommodation_policy OWNER TO "user";

--
-- Name: accommodation_policy_policy_id_seq; Type: SEQUENCE; Schema: public; Owner: user
--

ALTER TABLE public.accommodation_policy ALTER COLUMN policy_id ADD GENERATED BY DEFAULT AS IDENTITY (
    SEQUENCE NAME public.accommodation_policy_policy_id_seq
    START WITH 1
    INCREMENT BY 1
    NO MINVALUE
    NO MAXVALUE
    CACHE 1
);


--
-- Name: category; Type: TABLE; Schema: public; Owner: user
--

CREATE TABLE public.category (
    category_id bigint NOT NULL,
    name character varying(255) NOT NULL
);


ALTER TABLE public.category OWNER TO "user";

--
-- Name: category_category_id_seq; Type: SEQUENCE; Schema: public; Owner: user
--

ALTER TABLE public.category ALTER COLUMN category_id ADD GENERATED BY DEFAULT AS IDENTITY (
    SEQUENCE NAME public.category_category_id_seq
    START WITH 1
    INCREMENT BY 1
    NO MINVALUE
    NO MAXVALUE
    CACHE 1
);


--
-- Name: chat_message; Type: TABLE; Schema: public; Owner: user
--

CREATE TABLE public.chat_message (
    message_id bigint NOT NULL,
    content text,
    created_at timestamp(6) without time zone NOT NULL,
    image_url character varying(500),
    is_read boolean NOT NULL,
    message_type character varying(20) NOT NULL,
    chat_room_id bigint NOT NULL,
    sender_id bigint NOT NULL,
    CONSTRAINT chat_message_message_type_check CHECK (((message_type)::text = ANY ((ARRAY['TEXT'::character varying, 'IMAGE'::character varying, 'SYSTEM'::character varying])::text[])))
);


ALTER TABLE public.chat_message OWNER TO "user";

--
-- Name: chat_message_message_id_seq; Type: SEQUENCE; Schema: public; Owner: user
--

CREATE SEQUENCE public.chat_message_message_id_seq
    START WITH 1
    INCREMENT BY 1
    NO MINVALUE
    NO MAXVALUE
    CACHE 1;


ALTER TABLE public.chat_message_message_id_seq OWNER TO "user";

--
-- Name: chat_message_message_id_seq; Type: SEQUENCE OWNED BY; Schema: public; Owner: user
--

ALTER SEQUENCE public.chat_message_message_id_seq OWNED BY public.chat_message.message_id;


--
-- Name: chat_room; Type: TABLE; Schema: public; Owner: user
--

CREATE TABLE public.chat_room (
    chat_room_id bigint NOT NULL,
    created_at timestamp(6) without time zone NOT NULL,
    updated_at timestamp(6) without time zone NOT NULL,
    guest_member_id bigint NOT NULL,
    host_member_id bigint NOT NULL,
    reservation_id bigint NOT NULL
);


ALTER TABLE public.chat_room OWNER TO "user";

--
-- Name: chat_room_chat_room_id_seq; Type: SEQUENCE; Schema: public; Owner: user
--

CREATE SEQUENCE public.chat_room_chat_room_id_seq
    START WITH 1
    INCREMENT BY 1
    NO MINVALUE
    NO MAXVALUE
    CACHE 1;


ALTER TABLE public.chat_room_chat_room_id_seq OWNER TO "user";

--
-- Name: chat_room_chat_room_id_seq; Type: SEQUENCE OWNED BY; Schema: public; Owner: user
--

ALTER SEQUENCE public.chat_room_chat_room_id_seq OWNED BY public.chat_room.chat_room_id;


--
-- Name: member; Type: TABLE; Schema: public; Owner: user
--

CREATE TABLE public.member (
    created_at timestamp(6) without time zone,
    member_id bigint NOT NULL,
    email character varying(255) NOT NULL,
    name character varying(255) NOT NULL,
    password character varying(255),
    phone character varying(255),
    provider character varying(255) NOT NULL,
    provider_id character varying(255),
    role character varying(255),
    status character varying(255),
    CONSTRAINT member_provider_check CHECK (((provider)::text = ANY ((ARRAY['LOCAL'::character varying, 'GOOGLE'::character varying, 'KAKAO'::character varying])::text[]))),
    CONSTRAINT member_role_check CHECK (((role)::text = ANY ((ARRAY['USER'::character varying, 'HOST'::character varying, 'ADMIN'::character varying])::text[]))),
    CONSTRAINT member_status_check CHECK (((status)::text = ANY ((ARRAY['ACTIVE'::character varying, 'SUSPENDED'::character varying, 'DELETED'::character varying])::text[])))
);


ALTER TABLE public.member OWNER TO "user";

--
-- Name: member_member_id_seq; Type: SEQUENCE; Schema: public; Owner: user
--

ALTER TABLE public.member ALTER COLUMN member_id ADD GENERATED BY DEFAULT AS IDENTITY (
    SEQUENCE NAME public.member_member_id_seq
    START WITH 1
    INCREMENT BY 1
    NO MINVALUE
    NO MAXVALUE
    CACHE 1
);


--
-- Name: member_point_history; Type: TABLE; Schema: public; Owner: user
--

CREATE TABLE public.member_point_history (
    amount bigint NOT NULL,
    created_at timestamp(6) without time zone,
    member_id bigint NOT NULL,
    point_history_id bigint NOT NULL,
    description character varying(255) NOT NULL,
    type character varying(255) NOT NULL,
    CONSTRAINT member_point_history_description_check CHECK (((description)::text = ANY ((ARRAY['CHECK_IN'::character varying, 'REVIEW'::character varying])::text[]))),
    CONSTRAINT member_point_history_type_check CHECK (((type)::text = ANY ((ARRAY['EARN'::character varying, 'USE'::character varying])::text[])))
);


ALTER TABLE public.member_point_history OWNER TO "user";

--
-- Name: member_point_history_point_history_id_seq; Type: SEQUENCE; Schema: public; Owner: user
--

ALTER TABLE public.member_point_history ALTER COLUMN point_history_id ADD GENERATED BY DEFAULT AS IDENTITY (
    SEQUENCE NAME public.member_point_history_point_history_id_seq
    START WITH 1
    INCREMENT BY 1
    NO MINVALUE
    NO MAXVALUE
    CACHE 1
);


--
-- Name: payment; Type: TABLE; Schema: public; Owner: user
--

CREATE TABLE public.payment (
    amount bigint NOT NULL,
    paid_at timestamp(6) without time zone,
    payment_id bigint NOT NULL,
    reservation_id bigint NOT NULL,
    payment_method character varying(255) NOT NULL,
    status character varying(255) NOT NULL,
    CONSTRAINT payment_payment_method_check CHECK (((payment_method)::text = ANY ((ARRAY['CARD'::character varying, 'ACCOUNT_TRANSFER'::character varying, 'KAKAO_PAY'::character varying])::text[]))),
    CONSTRAINT payment_status_check CHECK (((status)::text = ANY ((ARRAY['READY'::character varying, 'PAID'::character varying, 'FAILED'::character varying, 'REFUNDED'::character varying])::text[])))
);


ALTER TABLE public.payment OWNER TO "user";

--
-- Name: payment_payment_id_seq; Type: SEQUENCE; Schema: public; Owner: user
--

ALTER TABLE public.payment ALTER COLUMN payment_id ADD GENERATED BY DEFAULT AS IDENTITY (
    SEQUENCE NAME public.payment_payment_id_seq
    START WITH 1
    INCREMENT BY 1
    NO MINVALUE
    NO MAXVALUE
    CACHE 1
);


--
-- Name: region; Type: TABLE; Schema: public; Owner: user
--

CREATE TABLE public.region (
    depth integer,
    parent_id bigint,
    region_id bigint NOT NULL,
    name character varying(255) NOT NULL
);


ALTER TABLE public.region OWNER TO "user";

--
-- Name: region_region_id_seq; Type: SEQUENCE; Schema: public; Owner: user
--

ALTER TABLE public.region ALTER COLUMN region_id ADD GENERATED BY DEFAULT AS IDENTITY (
    SEQUENCE NAME public.region_region_id_seq
    START WITH 1
    INCREMENT BY 1
    NO MINVALUE
    NO MAXVALUE
    CACHE 1
);


--
-- Name: reservation; Type: TABLE; Schema: public; Owner: user
--

CREATE TABLE public.reservation (
    check_in_date date NOT NULL,
    check_out_date date NOT NULL,
    personnel integer NOT NULL,
    accommodation_id bigint NOT NULL,
    member_id bigint NOT NULL,
    reservation_id bigint NOT NULL,
    reserved_at timestamp(6) without time zone,
    total_price bigint NOT NULL,
    status character varying(255),
    CONSTRAINT reservation_status_check CHECK (((status)::text = ANY ((ARRAY['RESERVED'::character varying, 'CANCELLED'::character varying, 'COMPLETED'::character varying])::text[])))
);


ALTER TABLE public.reservation OWNER TO "user";

--
-- Name: reservation_reservation_id_seq; Type: SEQUENCE; Schema: public; Owner: user
--

ALTER TABLE public.reservation ALTER COLUMN reservation_id ADD GENERATED BY DEFAULT AS IDENTITY (
    SEQUENCE NAME public.reservation_reservation_id_seq
    START WITH 1
    INCREMENT BY 1
    NO MINVALUE
    NO MAXVALUE
    CACHE 1
);


--
-- Name: review; Type: TABLE; Schema: public; Owner: user
--

CREATE TABLE public.review (
    rating integer NOT NULL,
    created_at timestamp(6) without time zone,
    member_id bigint NOT NULL,
    reservation_id bigint NOT NULL,
    review_id bigint NOT NULL,
    content oid NOT NULL
);


ALTER TABLE public.review OWNER TO "user";

--
-- Name: review_image; Type: TABLE; Schema: public; Owner: user
--

CREATE TABLE public.review_image (
    image_id bigint NOT NULL,
    review_id bigint NOT NULL,
    image_url character varying(255) NOT NULL
);


ALTER TABLE public.review_image OWNER TO "user";

--
-- Name: review_image_image_id_seq; Type: SEQUENCE; Schema: public; Owner: user
--

ALTER TABLE public.review_image ALTER COLUMN image_id ADD GENERATED BY DEFAULT AS IDENTITY (
    SEQUENCE NAME public.review_image_image_id_seq
    START WITH 1
    INCREMENT BY 1
    NO MINVALUE
    NO MAXVALUE
    CACHE 1
);


--
-- Name: review_review_id_seq; Type: SEQUENCE; Schema: public; Owner: user
--

ALTER TABLE public.review ALTER COLUMN review_id ADD GENERATED BY DEFAULT AS IDENTITY (
    SEQUENCE NAME public.review_review_id_seq
    START WITH 1
    INCREMENT BY 1
    NO MINVALUE
    NO MAXVALUE
    CACHE 1
);


--
-- Name: test_entity; Type: TABLE; Schema: public; Owner: user
--

CREATE TABLE public.test_entity (
    id bigint NOT NULL,
    name character varying(255)
);


ALTER TABLE public.test_entity OWNER TO "user";

--
-- Name: test_entity_id_seq; Type: SEQUENCE; Schema: public; Owner: user
--

ALTER TABLE public.test_entity ALTER COLUMN id ADD GENERATED BY DEFAULT AS IDENTITY (
    SEQUENCE NAME public.test_entity_id_seq
    START WITH 1
    INCREMENT BY 1
    NO MINVALUE
    NO MAXVALUE
    CACHE 1
);


--
-- Name: wishlist; Type: TABLE; Schema: public; Owner: user
--

CREATE TABLE public.wishlist (
    accommodation_id bigint NOT NULL,
    list_id bigint NOT NULL,
    member_id bigint NOT NULL
);


ALTER TABLE public.wishlist OWNER TO "user";

--
-- Name: wishlist_list_id_seq; Type: SEQUENCE; Schema: public; Owner: user
--

ALTER TABLE public.wishlist ALTER COLUMN list_id ADD GENERATED BY DEFAULT AS IDENTITY (
    SEQUENCE NAME public.wishlist_list_id_seq
    START WITH 1
    INCREMENT BY 1
    NO MINVALUE
    NO MAXVALUE
    CACHE 1
);


--
-- Name: chat_message message_id; Type: DEFAULT; Schema: public; Owner: user
--

ALTER TABLE ONLY public.chat_message ALTER COLUMN message_id SET DEFAULT nextval('public.chat_message_message_id_seq'::regclass);


--
-- Name: chat_room chat_room_id; Type: DEFAULT; Schema: public; Owner: user
--

ALTER TABLE ONLY public.chat_room ALTER COLUMN chat_room_id SET DEFAULT nextval('public.chat_room_chat_room_id_seq'::regclass);


--
-- Name: 16554; Type: BLOB; Schema: -; Owner: user
--

SELECT pg_catalog.lo_create('16554');


ALTER LARGE OBJECT 16554 OWNER TO "user";

--
-- Name: 24868; Type: BLOB; Schema: -; Owner: user
--

SELECT pg_catalog.lo_create('24868');


ALTER LARGE OBJECT 24868 OWNER TO "user";

--
-- Name: 24869; Type: BLOB; Schema: -; Owner: user
--

SELECT pg_catalog.lo_create('24869');


ALTER LARGE OBJECT 24869 OWNER TO "user";

--
-- Name: 24870; Type: BLOB; Schema: -; Owner: user
--

SELECT pg_catalog.lo_create('24870');


ALTER LARGE OBJECT 24870 OWNER TO "user";

--
-- Name: 24871; Type: BLOB; Schema: -; Owner: user
--

SELECT pg_catalog.lo_create('24871');


ALTER LARGE OBJECT 24871 OWNER TO "user";

--
-- Name: 24872; Type: BLOB; Schema: -; Owner: user
--

SELECT pg_catalog.lo_create('24872');


ALTER LARGE OBJECT 24872 OWNER TO "user";

--
-- Name: 25475; Type: BLOB; Schema: -; Owner: user
--

SELECT pg_catalog.lo_create('25475');


ALTER LARGE OBJECT 25475 OWNER TO "user";

--
-- Name: 25701; Type: BLOB; Schema: -; Owner: user
--

SELECT pg_catalog.lo_create('25701');


ALTER LARGE OBJECT 25701 OWNER TO "user";

--
-- Name: 25702; Type: BLOB; Schema: -; Owner: user
--

SELECT pg_catalog.lo_create('25702');


ALTER LARGE OBJECT 25702 OWNER TO "user";

--
-- Name: 25703; Type: BLOB; Schema: -; Owner: user
--

SELECT pg_catalog.lo_create('25703');


ALTER LARGE OBJECT 25703 OWNER TO "user";

--
-- Name: 25704; Type: BLOB; Schema: -; Owner: user
--

SELECT pg_catalog.lo_create('25704');


ALTER LARGE OBJECT 25704 OWNER TO "user";

--
-- Name: 25705; Type: BLOB; Schema: -; Owner: user
--

SELECT pg_catalog.lo_create('25705');


ALTER LARGE OBJECT 25705 OWNER TO "user";

--
-- Name: 25706; Type: BLOB; Schema: -; Owner: user
--

SELECT pg_catalog.lo_create('25706');


ALTER LARGE OBJECT 25706 OWNER TO "user";

--
-- Name: 25707; Type: BLOB; Schema: -; Owner: user
--

SELECT pg_catalog.lo_create('25707');


ALTER LARGE OBJECT 25707 OWNER TO "user";

--
-- Name: 25708; Type: BLOB; Schema: -; Owner: user
--

SELECT pg_catalog.lo_create('25708');


ALTER LARGE OBJECT 25708 OWNER TO "user";

--
-- Name: 25709; Type: BLOB; Schema: -; Owner: user
--

SELECT pg_catalog.lo_create('25709');


ALTER LARGE OBJECT 25709 OWNER TO "user";

--
-- Data for Name: accommodation; Type: TABLE DATA; Schema: public; Owner: user
--

COPY public.accommodation (check_in_time, check_out_time, latitude, longitude, accommodation_id, category_id, created_at, member_id, price, region_id, address, name, status, description) FROM stdin;
15:00:00	11:00:00	37.4979	127.0276	1	1	2026-02-10 15:31:51.930568	1	80000	18	서울특별시 강남구 역삼동 123-45	강남역 도보 5분 깔끔한 오피스텔	OPEN	25475
15:00:00	11:00:00	33.4405781575178	126.326717770379	4	1	2026-03-09 18:05:31.448149	2	300000	245	제주특별자치도 제주시 애월읍 납읍리 2131	바다가 보이는 협재 해변 숙소	OPEN	25701
18:00:00	09:00:00	37.5543397869829	126.930094421136	5	6	2026-03-09 18:34:16.900311	2	400000	30	서울 마포구 와우산로30길 7	홍대에 쌈뽕한 아파트	OPEN	25702
18:00:00	07:00:00	37.5543397869829	126.930094421136	6	6	2026-03-09 18:39:35.7013	2	10000000	30	서울 마포구 와우산로30길 7	홍대의 쌈뽕한 아파트2	OPEN	25703
15:00:00	11:00:00	37.5347439445066	126.993862834952	7	3	2026-03-09 19:36:41.265126	1	1212000	38	서울 용산구 이태원동 108-9	이태원의 쌈뽕한 숙소	OPEN	25704
15:00:00	11:00:00	33.4736087067082	126.910682158742	8	5	2026-03-10 00:29:19.308572	2	100000	244	제주특별자치도 서귀포시 성산읍 시흥리 200	테스트숙소1	OPEN	25705
15:00:00	11:00:00	33.3068460968274	126.317477950826	9	4	2026-03-10 00:30:18.106814	2	200000	244	제주특별자치도 서귀포시 안덕면 서광리 산 24	테스트 숙소2	OPEN	25706
15:00:00	11:00:00	33.302803387713	126.317397240601	10	3	2026-03-10 00:31:56.855847	2	120000	244	제주특별자치도 서귀포시 안덕면 서광리 산 24-15	테스트 숙소3	OPEN	25707
15:00:00	11:00:00	33.254911335405	126.402418865073	11	7	2026-03-10 00:33:30.982616	2	230000	244	제주특별자치도 서귀포시 상예동 625	테스트 숙소4	OPEN	25708
15:00:00	11:00:00	33.254911335405	126.402418865073	12	5	2026-03-10 18:00:30.991808	2	20000	244	제주특별자치도 서귀포시 상예동 625	테스트 숙소6	OPEN	25709
\.


--
-- Data for Name: accommodation_facility; Type: TABLE DATA; Schema: public; Owner: user
--

COPY public.accommodation_facility (bathrooms, bedrooms, beds, has_bbq, has_wifi, parking_available, pet_allowed, accommodation_id) FROM stdin;
1	1	1	f	t	t	f	1
2	3	3	f	f	t	t	4
2	2	2	t	t	t	t	5
3	3	3	t	t	t	t	6
2	2	2	t	f	f	t	7
1	1	1	t	f	f	t	8
1	1	1	f	f	t	f	9
1	1	1	f	t	f	f	10
5	5	6	f	f	f	f	11
1	1	1	f	f	f	f	12
\.


--
-- Data for Name: accommodation_image; Type: TABLE DATA; Schema: public; Owner: user
--

COPY public.accommodation_image (sort_order, accommodation_id, image_id, image_url) FROM stdin;
0	6	1	https://image-binbang.s3.ap-northeast-2.amazonaws.com/4037c477-7125-4e0a-aa58-45ca879e3a58.jpg
1	6	2	https://image-binbang.s3.ap-northeast-2.amazonaws.com/16bce373-e0b6-4c03-86bc-c3cdab2dc116.jpg
0	7	3	https://image-binbang.s3.ap-northeast-2.amazonaws.com/52af05b9-e21e-4ec3-92bc-56a6745b4b21.jpg
1	7	4	https://image-binbang.s3.ap-northeast-2.amazonaws.com/ea479478-4703-49ac-8fb9-47d32ac7150f.jpg
0	8	5	https://image-binbang.s3.ap-northeast-2.amazonaws.com/94b304da-5ec0-49be-8172-1a2411c41dc8.jpg
1	8	6	https://image-binbang.s3.ap-northeast-2.amazonaws.com/2b85db2b-ad78-4e15-9ffe-c3878949a534.jpg
0	9	7	https://image-binbang.s3.ap-northeast-2.amazonaws.com/bd614252-cd3b-4d7f-8e85-971bc204a37b.jpg
1	9	8	https://image-binbang.s3.ap-northeast-2.amazonaws.com/1fe5d2e4-6bd4-4c1f-ae56-737c9ec873d3.jpg
0	10	9	https://image-binbang.s3.ap-northeast-2.amazonaws.com/347cede4-5e28-4c6f-8552-5b7dc04e0461.jpg
1	10	10	https://image-binbang.s3.ap-northeast-2.amazonaws.com/1f9082d4-15c1-4735-91bf-eaa825af0d92.jpg
0	11	11	https://image-binbang.s3.ap-northeast-2.amazonaws.com/2871a6f3-075b-4be4-ba89-9337074fdd5d.jpg
0	12	12	https://image-binbang-upload.s3.ap-northeast-2.amazonaws.com/09b96f7d-35db-489f-9de4-e1d1733a44ac.jpg
\.


--
-- Data for Name: accommodation_policy; Type: TABLE DATA; Schema: public; Owner: user
--

COPY public.accommodation_policy (accommodation_id, policy_id, policies) FROM stdin;
1	1	{"refundPolicy":"체크인 7일 전까지 전액 환불","houseRules":"금연, 정숙 시간 준수","petAllowed":false,"parkingAvailable":true,"maxGuests":2,"additionalGuestFee":10000}
4	2	{"refundPolicy":"환불 안되세요","houseRules":"조용히 지내주세요","petAllowed":false,"parkingAvailable":false,"maxGuests":2,"additionalGuestFee":100000}
5	3	{"refundPolicy":"동해물과 백두산이","houseRules":"마르고 닳도록","petAllowed":false,"parkingAvailable":false,"maxGuests":6,"additionalGuestFee":201010}
6	4	{"refundPolicy":"없음","houseRules":"없음","petAllowed":false,"parkingAvailable":false,"maxGuests":2,"additionalGuestFee":1000010}
7	5	{"refundPolicy":"없음니다","houseRules":"없음니다","petAllowed":false,"parkingAvailable":false,"maxGuests":2,"additionalGuestFee":10000000}
8	6	{"refundPolicy":"테스트 숙소입니다","houseRules":"테스트 숙소입니다","petAllowed":false,"parkingAvailable":false,"maxGuests":2,"additionalGuestFee":100000}
9	7	{"refundPolicy":"테스트 숙소입니다","houseRules":"테스트 숙소입니다","petAllowed":false,"parkingAvailable":false,"maxGuests":2,"additionalGuestFee":200000}
10	8	{"refundPolicy":"테스트 숙소입니다","houseRules":"테스트 숙소입니다","petAllowed":false,"parkingAvailable":false,"maxGuests":2,"additionalGuestFee":4000}
11	9	{"refundPolicy":"테스트 숙소입니다","houseRules":"테스트 숙소입니다","petAllowed":false,"parkingAvailable":false,"maxGuests":2,"additionalGuestFee":40000}
12	10	{"refundPolicy":"asd","houseRules":"asd","petAllowed":false,"parkingAvailable":false,"maxGuests":2,"additionalGuestFee":1000}
\.


--
-- Data for Name: category; Type: TABLE DATA; Schema: public; Owner: user
--

COPY public.category (category_id, name) FROM stdin;
1	호텔/모텔
2	펜션/풀빌라
3	게스트하우스/호스텔
4	한옥/전통가옥
5	캠핑/글램핑
6	아파트/오피스텔
7	독채/전원주택
\.


--
-- Data for Name: chat_message; Type: TABLE DATA; Schema: public; Owner: user
--

COPY public.chat_message (message_id, content, created_at, image_url, is_read, message_type, chat_room_id, sender_id) FROM stdin;
1	제발요	2026-02-13 15:32:55.33979	\N	f	TEXT	1	1
2	운동 많이 된다....	2026-02-13 15:35:17.715605	\N	f	TEXT	1	2
3	안녕하세요 저 지금 테스트 해보는데 될까요 혹시?	2026-03-09 19:08:03.372225	\N	f	TEXT	1	2
4	이거 가능한거에요?	2026-03-09 19:08:11.511357	\N	f	TEXT	1	2
5	소셜로그인도 되는거 맞아요?	2026-03-09 19:24:50.982065	\N	f	TEXT	1	2
6	네 이거 소셜로그인도 가능합니다잉	2026-03-09 19:25:30.441749	\N	f	TEXT	1	1
7	안녕하세요 진짜 구현되는건가요?	2026-03-09 19:42:12.766763	\N	f	TEXT	2	2
8	와 이거봐라	2026-03-09 19:42:34.817773	\N	f	TEXT	2	1
9	채팅채팅	2026-03-10 19:32:35.432452	\N	f	TEXT	2	2
\.


--
-- Data for Name: chat_room; Type: TABLE DATA; Schema: public; Owner: user
--

COPY public.chat_room (chat_room_id, created_at, updated_at, guest_member_id, host_member_id, reservation_id) FROM stdin;
1	2026-02-13 15:32:06.274025	2026-03-09 19:25:30.447136	2	1	8
2	2026-03-09 19:41:53.791734	2026-03-10 19:32:35.475594	2	1	15
\.


--
-- Data for Name: member; Type: TABLE DATA; Schema: public; Owner: user
--

COPY public.member (created_at, member_id, email, name, password, phone, provider, provider_id, role, status) FROM stdin;
2026-02-10 18:45:48.505703	2	parksiwoo1214@naver.com	박시우	$2a$10$x/IoJl./R40gc5qnIJ3r9.OzJbxD7o9FLKYxp6prwsNmdE4Fc50B.	010-1234-5678	LOCAL	\N	USER	ACTIVE
2026-02-10 19:11:30.38368	3	chldhksqls123@naver.com	최완빈	$2a$10$UMNB6liI/Cpd6OBKMS8DXe1jo8wKWROQFA2921X22NfWXKF1INrOS	010-1234-5678	LOCAL	\N	USER	ACTIVE
2026-02-10 15:28:07.618849	1	hng1nthr@gmail.com	siwoo park	$2a$10$bLObPFWGd3hFqOu58JajG.pKkl1C37A5GMfklLsSAlVSd582Fn81.	010-9876-5432	LOCAL	\N	USER	ACTIVE
2026-03-09 19:27:59.866767	4	chldhksqls@naver.com	최완빈	$2a$10$hacxl/7E8ENqru7foFXxJe7aNL8gkq1ReQNo4ffsnLTdWXAeEEcYm	010-1234-1234	LOCAL	\N	USER	ACTIVE
\.


--
-- Data for Name: member_point_history; Type: TABLE DATA; Schema: public; Owner: user
--

COPY public.member_point_history (amount, created_at, member_id, point_history_id, description, type) FROM stdin;
\.


--
-- Data for Name: payment; Type: TABLE DATA; Schema: public; Owner: user
--

COPY public.payment (amount, paid_at, payment_id, reservation_id, payment_method, status) FROM stdin;
\.


--
-- Data for Name: region; Type: TABLE DATA; Schema: public; Owner: user
--

COPY public.region (depth, parent_id, region_id, name) FROM stdin;
1	\N	1	서울특별시
1	\N	2	부산광역시
1	\N	3	대구광역시
1	\N	4	인천광역시
1	\N	5	광주광역시
1	\N	6	대전광역시
1	\N	7	울산광역시
1	\N	8	세종특별자치시
1	\N	9	경기도
1	\N	10	강원특별자치도
1	\N	11	충청북도
1	\N	12	충청남도
1	\N	13	전북특별자치도
1	\N	14	전라남도
1	\N	15	경상북도
1	\N	16	경상남도
1	\N	17	제주특별자치도
2	1	18	강남구
2	1	19	강동구
2	1	20	강북구
2	1	21	강서구
2	1	22	관악구
2	1	23	광진구
2	1	24	구로구
2	1	25	금천구
2	1	26	노원구
2	1	27	도봉구
2	1	28	동대문구
2	1	29	동작구
2	1	30	마포구
2	1	31	서대문구
2	1	32	서초구
2	1	33	성동구
2	1	34	성북구
2	1	35	송파구
2	1	36	양천구
2	1	37	영등포구
2	1	38	용산구
2	1	39	은평구
2	1	40	종로구
2	1	41	중구
2	1	42	중랑구
2	2	43	강서구
2	2	44	금정구
2	2	45	기장군
2	2	46	남구
2	2	47	동구
2	2	48	동래구
2	2	49	부산진구
2	2	50	북구
2	2	51	사상구
2	2	52	사하구
2	2	53	서구
2	2	54	수영구
2	2	55	연제구
2	2	56	영도구
2	2	57	중구
2	2	58	해운대구
2	3	59	남구
2	3	60	달서구
2	3	61	달성군
2	3	62	동구
2	3	63	북구
2	3	64	서구
2	3	65	수성구
2	3	66	중구
2	4	67	강화군
2	4	68	계양구
2	4	69	남동구
2	4	70	동구
2	4	71	미추홀구
2	4	72	부평구
2	4	73	서구
2	4	74	연수구
2	4	75	옹진군
2	4	76	중구
2	5	77	광산구
2	5	78	남구
2	5	79	동구
2	5	80	북구
2	5	81	서구
2	6	82	대덕구
2	6	83	동구
2	6	84	서구
2	6	85	유성구
2	6	86	중구
2	7	87	남구
2	7	88	동구
2	7	89	북구
2	7	90	울주군
2	7	91	중구
2	9	92	가평군
2	9	93	고양시
2	9	94	과천시
2	9	95	광명시
2	9	96	광주시
2	9	97	구리시
2	9	98	군포시
2	9	99	김포시
2	9	100	남양주시
2	9	101	동두천시
2	9	102	부천시
2	9	103	성남시
2	9	104	수원시
2	9	105	시흥시
2	9	106	안산시
2	9	107	안성시
2	9	108	안양시
2	9	109	양주시
2	9	110	양평군
2	9	111	여주시
2	9	112	연천군
2	9	113	오산시
2	9	114	용인시
2	9	115	의왕시
2	9	116	의정부시
2	9	117	이천시
2	9	118	파주시
2	9	119	평택시
2	9	120	포천시
2	9	121	하남시
2	9	122	화성시
2	10	123	강릉시
2	10	124	고성군
2	10	125	동해시
2	10	126	삼척시
2	10	127	속초시
2	10	128	양구군
2	10	129	양양군
2	10	130	영월군
2	10	131	원주시
2	10	132	인제군
2	10	133	정선군
2	10	134	철원군
2	10	135	춘천시
2	10	136	태백시
2	10	137	평창군
2	10	138	홍천군
2	10	139	화천군
2	10	140	횡성군
2	11	141	괴산군
2	11	142	단양군
2	11	143	보은군
2	11	144	영동군
2	11	145	옥천군
2	11	146	음성군
2	11	147	제천시
2	11	148	증평군
2	11	149	진천군
2	11	150	청주시
2	11	151	충주시
2	12	152	계룡시
2	12	153	공주시
2	12	154	금산군
2	12	155	논산시
2	12	156	당진시
2	12	157	보령시
2	12	158	부여군
2	12	159	서산시
2	12	160	서천군
2	12	161	아산시
2	12	162	예산군
2	12	163	천안시
2	12	164	청양군
2	12	165	태안군
2	12	166	홍성군
2	13	167	고창군
2	13	168	군산시
2	13	169	김제시
2	13	170	남원시
2	13	171	무주군
2	13	172	부안군
2	13	173	순창군
2	13	174	완주군
2	13	175	익산시
2	13	176	임실군
2	13	177	장수군
2	13	178	전주시
2	13	179	정읍시
2	13	180	진안군
2	14	181	강진군
2	14	182	고흥군
2	14	183	곡성군
2	14	184	광양시
2	14	185	구례군
2	14	186	나주시
2	14	187	담양군
2	14	188	목포시
2	14	189	무안군
2	14	190	보성군
2	14	191	순천시
2	14	192	신안군
2	14	193	여수시
2	14	194	영광군
2	14	195	영암군
2	14	196	완도군
2	14	197	장성군
2	14	198	장흥군
2	14	199	진도군
2	14	200	함평군
2	14	201	해남군
2	14	202	화순군
2	15	203	경산시
2	15	204	경주시
2	15	205	고령군
2	15	206	구미시
2	15	207	군위군
2	15	208	김천시
2	15	209	문경시
2	15	210	봉화군
2	15	211	상주시
2	15	212	성주군
2	15	213	안동시
2	15	214	영덕군
2	15	215	영양군
2	15	216	영주시
2	15	217	영천시
2	15	218	예천군
2	15	219	울릉군
2	15	220	울진군
2	15	221	의성군
2	15	222	청도군
2	15	223	청송군
2	15	224	칠곡군
2	15	225	포항시
2	16	226	거제시
2	16	227	거창군
2	16	228	고성군
2	16	229	김해시
2	16	230	남해군
2	16	231	밀양시
2	16	232	사천시
2	16	233	산청군
2	16	234	양산시
2	16	235	의령군
2	16	236	진주시
2	16	237	창녕군
2	16	238	창원시
2	16	239	통영시
2	16	240	하동군
2	16	241	함안군
2	16	242	함양군
2	16	243	합천군
2	17	244	서귀포시
2	17	245	제주시
\.


--
-- Data for Name: reservation; Type: TABLE DATA; Schema: public; Owner: user
--

COPY public.reservation (check_in_date, check_out_date, personnel, accommodation_id, member_id, reservation_id, reserved_at, total_price, status) FROM stdin;
2026-02-20	2026-02-25	4	1	2	1	2026-02-10 18:49:39.156309	400000	RESERVED
2026-03-01	2026-03-05	2	1	3	2	2026-02-10 19:12:04.935296	320000	RESERVED
2026-03-06	2026-03-10	2	1	3	3	2026-02-10 19:27:24.787433	320000	RESERVED
2026-04-01	2026-04-05	2	1	2	4	2026-02-10 21:02:49.462476	320000	RESERVED
2026-04-06	2026-04-07	2	1	2	5	2026-02-11 16:32:36.396212	80000	RESERVED
2026-05-01	2026-05-05	2	1	2	6	2026-02-13 15:13:06.071361	320000	RESERVED
2026-05-06	2026-05-07	2	1	2	7	2026-02-13 15:17:04.845942	80000	RESERVED
2026-05-20	2026-05-22	2	1	2	8	2026-02-13 15:29:53.032223	160000	RESERVED
2026-03-18	2026-03-20	2	1	2	9	2026-03-09 18:26:15.638915	160000	RESERVED
2026-03-12	2026-03-16	3	6	4	10	2026-03-09 19:28:38.715246	40000000	RESERVED
2026-03-16	2026-03-18	2	5	4	11	2026-03-09 19:30:46.970321	800000	RESERVED
2026-03-10	2026-03-12	3	4	4	12	2026-03-09 19:31:49.661148	600000	RESERVED
2026-03-30	2026-04-01	2	6	1	13	2026-03-09 19:32:48.63977	20000000	RESERVED
2026-03-11	2026-03-13	2	7	2	14	2026-03-09 19:37:11.161375	2424000	RESERVED
2026-04-14	2026-05-17	2	7	2	15	2026-03-09 19:41:53.735126	39996000	CANCELLED
\.


--
-- Data for Name: review; Type: TABLE DATA; Schema: public; Owner: user
--

COPY public.review (rating, created_at, member_id, reservation_id, review_id, content) FROM stdin;
\.


--
-- Data for Name: review_image; Type: TABLE DATA; Schema: public; Owner: user
--

COPY public.review_image (image_id, review_id, image_url) FROM stdin;
\.


--
-- Data for Name: test_entity; Type: TABLE DATA; Schema: public; Owner: user
--

COPY public.test_entity (id, name) FROM stdin;
\.


--
-- Data for Name: wishlist; Type: TABLE DATA; Schema: public; Owner: user
--

COPY public.wishlist (accommodation_id, list_id, member_id) FROM stdin;
10	4	2
\.


--
-- Name: accommodation_accommodation_id_seq; Type: SEQUENCE SET; Schema: public; Owner: user
--

SELECT pg_catalog.setval('public.accommodation_accommodation_id_seq', 12, true);


--
-- Name: accommodation_image_image_id_seq; Type: SEQUENCE SET; Schema: public; Owner: user
--

SELECT pg_catalog.setval('public.accommodation_image_image_id_seq', 12, true);


--
-- Name: accommodation_policy_policy_id_seq; Type: SEQUENCE SET; Schema: public; Owner: user
--

SELECT pg_catalog.setval('public.accommodation_policy_policy_id_seq', 10, true);


--
-- Name: category_category_id_seq; Type: SEQUENCE SET; Schema: public; Owner: user
--

SELECT pg_catalog.setval('public.category_category_id_seq', 7, true);


--
-- Name: chat_message_message_id_seq; Type: SEQUENCE SET; Schema: public; Owner: user
--

SELECT pg_catalog.setval('public.chat_message_message_id_seq', 9, true);


--
-- Name: chat_room_chat_room_id_seq; Type: SEQUENCE SET; Schema: public; Owner: user
--

SELECT pg_catalog.setval('public.chat_room_chat_room_id_seq', 2, true);


--
-- Name: member_member_id_seq; Type: SEQUENCE SET; Schema: public; Owner: user
--

SELECT pg_catalog.setval('public.member_member_id_seq', 4, true);


--
-- Name: member_point_history_point_history_id_seq; Type: SEQUENCE SET; Schema: public; Owner: user
--

SELECT pg_catalog.setval('public.member_point_history_point_history_id_seq', 1, false);


--
-- Name: payment_payment_id_seq; Type: SEQUENCE SET; Schema: public; Owner: user
--

SELECT pg_catalog.setval('public.payment_payment_id_seq', 1, false);


--
-- Name: region_region_id_seq; Type: SEQUENCE SET; Schema: public; Owner: user
--

SELECT pg_catalog.setval('public.region_region_id_seq', 245, true);


--
-- Name: reservation_reservation_id_seq; Type: SEQUENCE SET; Schema: public; Owner: user
--

SELECT pg_catalog.setval('public.reservation_reservation_id_seq', 15, true);


--
-- Name: review_image_image_id_seq; Type: SEQUENCE SET; Schema: public; Owner: user
--

SELECT pg_catalog.setval('public.review_image_image_id_seq', 1, false);


--
-- Name: review_review_id_seq; Type: SEQUENCE SET; Schema: public; Owner: user
--

SELECT pg_catalog.setval('public.review_review_id_seq', 1, false);


--
-- Name: test_entity_id_seq; Type: SEQUENCE SET; Schema: public; Owner: user
--

SELECT pg_catalog.setval('public.test_entity_id_seq', 1, false);


--
-- Name: wishlist_list_id_seq; Type: SEQUENCE SET; Schema: public; Owner: user
--

SELECT pg_catalog.setval('public.wishlist_list_id_seq', 4, true);


--
-- Data for Name: BLOBS; Type: BLOBS; Schema: -; Owner: -
--

BEGIN;

SELECT pg_catalog.lo_open('16554', 131072);
SELECT pg_catalog.lowrite(0, '\xeb8c80ebb09520eca28bec9d8c');
SELECT pg_catalog.lo_close(0);

SELECT pg_catalog.lo_open('24868', 131072);
SELECT pg_catalog.lowrite(0, '\xebb094eb8ba4eab08020ebb3b4ec9db4eb8a9420eba98beca78420ed98b8ed8594ec9e85eb8b88eb8ba42e');
SELECT pg_catalog.lo_close(0);

SELECT pg_catalog.lo_open('24869', 131072);
SELECT pg_catalog.lowrite(0, '\xeab095eb82a8ec97ad20ec9db8eab7bc20ecb69cec9ea5ec979020ecb59ceca081ed9994eb909c20ebb984eca688eb8b88ec8aa420ed98b8ed8594ec9e85eb8b88eb8ba42e20ed9a8cec9d98ec8ba4eab3bc20ebb984eca688eb8b88ec8aa420ec84bced84b0eba5bc20eab096ecb694eab3a020ec9e88ec8ab5eb8b88eb8ba42e');
SELECT pg_catalog.lo_close(0);

SELECT pg_catalog.lo_open('24870', 131072);
SELECT pg_catalog.lowrite(0, '\xeca09ceca3bc20eab090eab7a4ebb0adec9db420ebb3b4ec9db4eb8a9420ec9584eb8a91ed959c20ed8e9cec8598ec9e85eb8b88eb8ba42e20eab080eca1b120eb8ba8ec9c8420ec97aced9689eab09dec9790eab28c20eca081ed95a9ed95a9eb8b88eb8ba42e');
SELECT pg_catalog.lo_close(0);

SELECT pg_catalog.lo_open('24871', 131072);
SELECT pg_catalog.lowrite(0, '\xed998deb8c80ec9e85eab5acec97ad20eb8f84ebb3b42035ebb68420eab1b0eba6acec9d9820eab080ec84b1ebb98420eab28cec8aa4ed8ab8ed9598ec9ab0ec8aa4ec9e85eb8b88eb8ba42e20ebb0b0eb82adec97aced9689eab09deab3bc20eab09cec9db820ec97aced9689ec9e90ec9790eab28c20ec9db8eab8b021');
SELECT pg_catalog.lo_close(0);

SELECT pg_catalog.lo_open('24872', 131072);
SELECT pg_catalog.lowrite(0, '\xeca084ed86b520ed959cec98a5ec9790ec849c20eca690eab8b0eb8a9420ed8ab9ebb384ed959c20ed9598eba3bbebb0a42e20ebb688eab5adec82acec998020ec849deab5b4ec9594ec9db420ec9db8eab7bcec979020ec9e88ec8ab5eb8b88eb8ba42e20ed959cebb3b520ecb2b4ed979820eca09ceab3b521');
SELECT pg_catalog.lo_close(0);

SELECT pg_catalog.lo_open('25475', 131072);
SELECT pg_catalog.lowrite(0, '\xeab095eb82a8ec97adec9790ec849c20eb8f84ebb3b42035ebb68420eab1b0eba6acec979020ec9c84ecb998ed959c20eab994eb8194ed9598eab3a020ec9584eb8a91ed959c20ec98a4ed94bcec8aa4ed8594ec9e85eb8b88eb8ba42e');
SELECT pg_catalog.lo_close(0);

SELECT pg_catalog.lo_open('25701', 131072);
SELECT pg_catalog.lowrite(0, '\xec9db4eab1b020eb9098eb8a94eab1b020eba79eeb8390eab3a0ec9a94');
SELECT pg_catalog.lo_close(0);

SELECT pg_catalog.lo_open('25702', 131072);
SELECT pg_catalog.lowrite(0, '\xed998deb8c80ec979020ec9c84ecb998ed959c20ec8c88ebbd95ed959c20ed98b8ed8594ec9e85eb8b88eb8ba42e0aeba78eec9db4eb93a420eca690eab2a8eca3bcec84b8ec9a9420e3858e');
SELECT pg_catalog.lo_close(0);

SELECT pg_catalog.lo_open('25703', 131072);
SELECT pg_catalog.lowrite(0, '\xec9db4ebafb8eca78020eb93b1eba19deab98ceca78020eab5aced9884ed959c20ec8899ec868ceb93b1eba19d20eb8f84eca084');
SELECT pg_catalog.lo_close(0);

SELECT pg_catalog.lo_open('25704', 131072);
SELECT pg_catalog.lowrite(0, '\xec9888ec95bd20444220eca080ec9ea520ed858cec8aa4ed8ab8ec9aa9ec9cbceba19c20eba78ceb93a4ec9788ec9d8c');
SELECT pg_catalog.lo_close(0);

SELECT pg_catalog.lo_open('25705', 131072);
SELECT pg_catalog.lowrite(0, '\xed858cec8aa4ed8ab820ec8899ec868cec9e85eb8b88eb8ba4');
SELECT pg_catalog.lo_close(0);

SELECT pg_catalog.lo_open('25706', 131072);
SELECT pg_catalog.lowrite(0, '\xed858cec8aa4ed8ab820ec8899ec868cec9e85eb8b88eb8ba4');
SELECT pg_catalog.lo_close(0);

SELECT pg_catalog.lo_open('25707', 131072);
SELECT pg_catalog.lowrite(0, '\xed858cec8aa4ed8ab820ec8899ec868cec9e85eb8b88');
SELECT pg_catalog.lo_close(0);

SELECT pg_catalog.lo_open('25708', 131072);
SELECT pg_catalog.lowrite(0, '\xed858cec8aa4ed8ab820ec8899ec868cec9e85eb8b88');
SELECT pg_catalog.lo_close(0);

SELECT pg_catalog.lo_open('25709', 131072);
SELECT pg_catalog.lowrite(0, '\xed858cec8aa4ed8ab8');
SELECT pg_catalog.lo_close(0);

COMMIT;

--
-- Name: accommodation_facility accommodation_facility_pkey; Type: CONSTRAINT; Schema: public; Owner: user
--

ALTER TABLE ONLY public.accommodation_facility
    ADD CONSTRAINT accommodation_facility_pkey PRIMARY KEY (accommodation_id);


--
-- Name: accommodation_image accommodation_image_pkey; Type: CONSTRAINT; Schema: public; Owner: user
--

ALTER TABLE ONLY public.accommodation_image
    ADD CONSTRAINT accommodation_image_pkey PRIMARY KEY (image_id);


--
-- Name: accommodation accommodation_pkey; Type: CONSTRAINT; Schema: public; Owner: user
--

ALTER TABLE ONLY public.accommodation
    ADD CONSTRAINT accommodation_pkey PRIMARY KEY (accommodation_id);


--
-- Name: accommodation_policy accommodation_policy_accommodation_id_key; Type: CONSTRAINT; Schema: public; Owner: user
--

ALTER TABLE ONLY public.accommodation_policy
    ADD CONSTRAINT accommodation_policy_accommodation_id_key UNIQUE (accommodation_id);


--
-- Name: accommodation_policy accommodation_policy_pkey; Type: CONSTRAINT; Schema: public; Owner: user
--

ALTER TABLE ONLY public.accommodation_policy
    ADD CONSTRAINT accommodation_policy_pkey PRIMARY KEY (policy_id);


--
-- Name: category category_name_key; Type: CONSTRAINT; Schema: public; Owner: user
--

ALTER TABLE ONLY public.category
    ADD CONSTRAINT category_name_key UNIQUE (name);


--
-- Name: category category_pkey; Type: CONSTRAINT; Schema: public; Owner: user
--

ALTER TABLE ONLY public.category
    ADD CONSTRAINT category_pkey PRIMARY KEY (category_id);


--
-- Name: chat_message chat_message_pkey; Type: CONSTRAINT; Schema: public; Owner: user
--

ALTER TABLE ONLY public.chat_message
    ADD CONSTRAINT chat_message_pkey PRIMARY KEY (message_id);


--
-- Name: chat_room chat_room_pkey; Type: CONSTRAINT; Schema: public; Owner: user
--

ALTER TABLE ONLY public.chat_room
    ADD CONSTRAINT chat_room_pkey PRIMARY KEY (chat_room_id);


--
-- Name: member member_email_key; Type: CONSTRAINT; Schema: public; Owner: user
--

ALTER TABLE ONLY public.member
    ADD CONSTRAINT member_email_key UNIQUE (email);


--
-- Name: member member_pkey; Type: CONSTRAINT; Schema: public; Owner: user
--

ALTER TABLE ONLY public.member
    ADD CONSTRAINT member_pkey PRIMARY KEY (member_id);


--
-- Name: member_point_history member_point_history_pkey; Type: CONSTRAINT; Schema: public; Owner: user
--

ALTER TABLE ONLY public.member_point_history
    ADD CONSTRAINT member_point_history_pkey PRIMARY KEY (point_history_id);


--
-- Name: payment payment_pkey; Type: CONSTRAINT; Schema: public; Owner: user
--

ALTER TABLE ONLY public.payment
    ADD CONSTRAINT payment_pkey PRIMARY KEY (payment_id);


--
-- Name: payment payment_reservation_id_key; Type: CONSTRAINT; Schema: public; Owner: user
--

ALTER TABLE ONLY public.payment
    ADD CONSTRAINT payment_reservation_id_key UNIQUE (reservation_id);


--
-- Name: region region_pkey; Type: CONSTRAINT; Schema: public; Owner: user
--

ALTER TABLE ONLY public.region
    ADD CONSTRAINT region_pkey PRIMARY KEY (region_id);


--
-- Name: reservation reservation_pkey; Type: CONSTRAINT; Schema: public; Owner: user
--

ALTER TABLE ONLY public.reservation
    ADD CONSTRAINT reservation_pkey PRIMARY KEY (reservation_id);


--
-- Name: review_image review_image_pkey; Type: CONSTRAINT; Schema: public; Owner: user
--

ALTER TABLE ONLY public.review_image
    ADD CONSTRAINT review_image_pkey PRIMARY KEY (image_id);


--
-- Name: review review_pkey; Type: CONSTRAINT; Schema: public; Owner: user
--

ALTER TABLE ONLY public.review
    ADD CONSTRAINT review_pkey PRIMARY KEY (review_id);


--
-- Name: test_entity test_entity_pkey; Type: CONSTRAINT; Schema: public; Owner: user
--

ALTER TABLE ONLY public.test_entity
    ADD CONSTRAINT test_entity_pkey PRIMARY KEY (id);


--
-- Name: chat_room uk_c3y125aerdgg87g8r1xqvc1le; Type: CONSTRAINT; Schema: public; Owner: user
--

ALTER TABLE ONLY public.chat_room
    ADD CONSTRAINT uk_c3y125aerdgg87g8r1xqvc1le UNIQUE (reservation_id);


--
-- Name: wishlist ukm1e6k7fra6osll0n3sfugijy3; Type: CONSTRAINT; Schema: public; Owner: user
--

ALTER TABLE ONLY public.wishlist
    ADD CONSTRAINT ukm1e6k7fra6osll0n3sfugijy3 UNIQUE (member_id, accommodation_id);


--
-- Name: wishlist wishlist_member_id_accommodation_id_key; Type: CONSTRAINT; Schema: public; Owner: user
--

ALTER TABLE ONLY public.wishlist
    ADD CONSTRAINT wishlist_member_id_accommodation_id_key UNIQUE (member_id, accommodation_id);


--
-- Name: wishlist wishlist_pkey; Type: CONSTRAINT; Schema: public; Owner: user
--

ALTER TABLE ONLY public.wishlist
    ADD CONSTRAINT wishlist_pkey PRIMARY KEY (list_id);


--
-- Name: idx_chat_room_created; Type: INDEX; Schema: public; Owner: user
--

CREATE INDEX idx_chat_room_created ON public.chat_message USING btree (chat_room_id, created_at);


--
-- Name: idx_sender_created; Type: INDEX; Schema: public; Owner: user
--

CREATE INDEX idx_sender_created ON public.chat_message USING btree (sender_id, created_at);


--
-- Name: review_image fk16wp089tx9nm0obc217gvdd6l; Type: FK CONSTRAINT; Schema: public; Owner: user
--

ALTER TABLE ONLY public.review_image
    ADD CONSTRAINT fk16wp089tx9nm0obc217gvdd6l FOREIGN KEY (review_id) REFERENCES public.review(review_id);


--
-- Name: chat_room fk1d526v2388adqgt08raungki2; Type: FK CONSTRAINT; Schema: public; Owner: user
--

ALTER TABLE ONLY public.chat_room
    ADD CONSTRAINT fk1d526v2388adqgt08raungki2 FOREIGN KEY (host_member_id) REFERENCES public.member(member_id);


--
-- Name: accommodation fk4j0s1w836kagkwpkt2e9ok8yi; Type: FK CONSTRAINT; Schema: public; Owner: user
--

ALTER TABLE ONLY public.accommodation
    ADD CONSTRAINT fk4j0s1w836kagkwpkt2e9ok8yi FOREIGN KEY (category_id) REFERENCES public.category(category_id);


--
-- Name: region fk5cgfpq4u2digwkllynq14k7te; Type: FK CONSTRAINT; Schema: public; Owner: user
--

ALTER TABLE ONLY public.region
    ADD CONSTRAINT fk5cgfpq4u2digwkllynq14k7te FOREIGN KEY (parent_id) REFERENCES public.region(region_id);


--
-- Name: reservation fk68999qe28ym9eqqlowybh9nvn; Type: FK CONSTRAINT; Schema: public; Owner: user
--

ALTER TABLE ONLY public.reservation
    ADD CONSTRAINT fk68999qe28ym9eqqlowybh9nvn FOREIGN KEY (member_id) REFERENCES public.member(member_id);


--
-- Name: review fk7tyi0jd0eaphyr0gsvfjqww9i; Type: FK CONSTRAINT; Schema: public; Owner: user
--

ALTER TABLE ONLY public.review
    ADD CONSTRAINT fk7tyi0jd0eaphyr0gsvfjqww9i FOREIGN KEY (reservation_id) REFERENCES public.reservation(reservation_id);


--
-- Name: member_point_history fk8eqfd05hgugx24t8ulcqnb3u1; Type: FK CONSTRAINT; Schema: public; Owner: user
--

ALTER TABLE ONLY public.member_point_history
    ADD CONSTRAINT fk8eqfd05hgugx24t8ulcqnb3u1 FOREIGN KEY (member_id) REFERENCES public.member(member_id);


--
-- Name: wishlist fk95niyld8dn9215fm9vrpjrx6j; Type: FK CONSTRAINT; Schema: public; Owner: user
--

ALTER TABLE ONLY public.wishlist
    ADD CONSTRAINT fk95niyld8dn9215fm9vrpjrx6j FOREIGN KEY (accommodation_id) REFERENCES public.accommodation(accommodation_id);


--
-- Name: accommodation_image fkahuyrw7kh4txdkpxwh4eqpgsv; Type: FK CONSTRAINT; Schema: public; Owner: user
--

ALTER TABLE ONLY public.accommodation_image
    ADD CONSTRAINT fkahuyrw7kh4txdkpxwh4eqpgsv FOREIGN KEY (accommodation_id) REFERENCES public.accommodation(accommodation_id);


--
-- Name: accommodation fkbdpt8s5jh88l9jj86uuc9limo; Type: FK CONSTRAINT; Schema: public; Owner: user
--

ALTER TABLE ONLY public.accommodation
    ADD CONSTRAINT fkbdpt8s5jh88l9jj86uuc9limo FOREIGN KEY (region_id) REFERENCES public.region(region_id);


--
-- Name: chat_message fkboji3uvm7ajilw93odmaau88q; Type: FK CONSTRAINT; Schema: public; Owner: user
--

ALTER TABLE ONLY public.chat_message
    ADD CONSTRAINT fkboji3uvm7ajilw93odmaau88q FOREIGN KEY (sender_id) REFERENCES public.member(member_id);


--
-- Name: accommodation fkcuegd0ulld57ijnms8yymxffq; Type: FK CONSTRAINT; Schema: public; Owner: user
--

ALTER TABLE ONLY public.accommodation
    ADD CONSTRAINT fkcuegd0ulld57ijnms8yymxffq FOREIGN KEY (member_id) REFERENCES public.member(member_id);


--
-- Name: accommodation_facility fkdtjdb4ev9ey6ftugtjd64ssvc; Type: FK CONSTRAINT; Schema: public; Owner: user
--

ALTER TABLE ONLY public.accommodation_facility
    ADD CONSTRAINT fkdtjdb4ev9ey6ftugtjd64ssvc FOREIGN KEY (accommodation_id) REFERENCES public.accommodation(accommodation_id);


--
-- Name: chat_room fkg2bmslvk6k7yvtdxw4td3ydf8; Type: FK CONSTRAINT; Schema: public; Owner: user
--

ALTER TABLE ONLY public.chat_room
    ADD CONSTRAINT fkg2bmslvk6k7yvtdxw4td3ydf8 FOREIGN KEY (reservation_id) REFERENCES public.reservation(reservation_id);


--
-- Name: chat_message fkj52yap2xrm9u0721dct0tjor9; Type: FK CONSTRAINT; Schema: public; Owner: user
--

ALTER TABLE ONLY public.chat_message
    ADD CONSTRAINT fkj52yap2xrm9u0721dct0tjor9 FOREIGN KEY (chat_room_id) REFERENCES public.chat_room(chat_room_id);


--
-- Name: accommodation_policy fkjiyxqgwkes49kgxc5e6lvwfnp; Type: FK CONSTRAINT; Schema: public; Owner: user
--

ALTER TABLE ONLY public.accommodation_policy
    ADD CONSTRAINT fkjiyxqgwkes49kgxc5e6lvwfnp FOREIGN KEY (accommodation_id) REFERENCES public.accommodation(accommodation_id);


--
-- Name: review fkk0ccx5i4ci2wd70vegug074w1; Type: FK CONSTRAINT; Schema: public; Owner: user
--

ALTER TABLE ONLY public.review
    ADD CONSTRAINT fkk0ccx5i4ci2wd70vegug074w1 FOREIGN KEY (member_id) REFERENCES public.member(member_id);


--
-- Name: reservation fkoa1arn2i6kipar0jakkwtsjip; Type: FK CONSTRAINT; Schema: public; Owner: user
--

ALTER TABLE ONLY public.reservation
    ADD CONSTRAINT fkoa1arn2i6kipar0jakkwtsjip FOREIGN KEY (accommodation_id) REFERENCES public.accommodation(accommodation_id);


--
-- Name: wishlist fkr9m487rorwstnl1r1ib9r5pds; Type: FK CONSTRAINT; Schema: public; Owner: user
--

ALTER TABLE ONLY public.wishlist
    ADD CONSTRAINT fkr9m487rorwstnl1r1ib9r5pds FOREIGN KEY (member_id) REFERENCES public.member(member_id);


--
-- Name: payment fkrewpj5f9v9xehy4ga8g221nw1; Type: FK CONSTRAINT; Schema: public; Owner: user
--

ALTER TABLE ONLY public.payment
    ADD CONSTRAINT fkrewpj5f9v9xehy4ga8g221nw1 FOREIGN KEY (reservation_id) REFERENCES public.reservation(reservation_id);


--
-- Name: chat_room fksd92t5peid8b84o3j0nlbfq1p; Type: FK CONSTRAINT; Schema: public; Owner: user
--

ALTER TABLE ONLY public.chat_room
    ADD CONSTRAINT fksd92t5peid8b84o3j0nlbfq1p FOREIGN KEY (guest_member_id) REFERENCES public.member(member_id);


--
-- PostgreSQL database dump complete
--

\unrestrict XpGvFtyVkjbeFLOw6JHx6l5EyXALvIdjaaLah4bUy176AMen6jhzeklNB2ihSpG

